date,timestamp,actual_demand_mw
2026-01-20,00:00 - 00:15,44585.9
2026-01-20,00:15 - 00:30,43892.5
2026-01-20,00:30 - 00:45,43354.4
2026-01-20,00:45 - 01:00,42780.2
2026-01-20,01:00 - 01:15,42224.5
2026-01-20,01:15 - 01:30,41845.3
2026-01-20,01:30 - 01:45,41569.4
2026-01-20,01:45 - 02:00,41296.4
2026-01-20,02:00 - 02:15,41025.9
2026-01-20,02:15 - 02:30,40853.8
2026-01-20,02:30 - 02:45,40793.3
2026-01-20,02:45 - 03:00,40543.5
2026-01-20,03:00 - 03:15,40329.9
2026-01-20,03:15 - 03:30,40218.1
2026-01-20,03:30 - 03:45,40252.3
2026-01-20,03:45 - 04:00,40376.2
2026-01-20,04:00 - 04:15,40657.7
2026-01-20,04:15 - 04:30,41941.7
2026-01-20,04:30 - 04:45,42847.5
2026-01-20,04:45 - 05:00,43995.1
2026-01-20,05:00 - 05:15,45707.3
2026-01-20,05:15 - 05:30,48005.8
2026-01-20,05:30 - 05:45,50175.3
2026-01-20,05:45 - 06:00,52474.8
2026-01-20,06:00 - 06:15,54123.5
2026-01-20,06:15 - 06:30,55919.6
2026-01-20,06:30 - 06:45,57329.1
2026-01-20,06:45 - 07:00,58384.9
2026-01-20,07:00 - 07:15,59195.8
2026-01-20,07:15 - 07:30,59847.9
2026-01-20,07:30 - 07:45,60258.4
2026-01-20,07:45 - 08:00,61195.2
2026-01-20,08:00 - 08:15,63323.1
2026-01-20,08:15 - 08:30,65178.1
2026-01-20,08:30 - 08:45,66734.5
2026-01-20,08:45 - 09:00,67058.1
2026-01-20,09:00 - 09:15,68408.0
2026-01-20,09:15 - 09:30,70089.1
2026-01-20,09:30 - 09:45,70863.9
2026-01-20,09:45 - 10:00,71337.4
2026-01-20,10:00 - 10:15,71164.4
2026-01-20,10:15 - 10:30,70858.0
2026-01-20,10:30 - 10:45,70742.1
2026-01-20,10:45 - 11:00,70257.4
2026-01-20,11:00 - 11:15,69238.3
2026-01-20,11:15 - 11:30,68364.4
2026-01-20,11:30 - 11:45,67744.1
2026-01-20,11:45 - 12:00,66698.9
2026-01-20,12:00 - 12:15,64898.0
2026-01-20,12:15 - 12:30,63723.1
2026-01-20,12:30 - 12:45,63168.7
2026-01-20,12:45 - 13:00,62308.9
2026-01-20,13:00 - 13:15,59932.0
2026-01-20,13:15 - 13:30,58658.5
2026-01-20,13:30 - 13:45,58361.0
2026-01-20,13:45 - 14:00,58434.0
2026-01-20,14:00 - 14:15,57806.4
2026-01-20,14:15 - 14:30,57310.9
2026-01-20,14:30 - 14:45,57527.2
2026-01-20,14:45 - 15:00,57746.4
2026-01-20,15:00 - 15:15,57075.8
2026-01-20,15:15 - 15:30,56749.9
2026-01-20,15:30 - 15:45,56621.5
2026-01-20,15:45 - 16:00,56769.1
2026-01-20,16:00 - 16:15,55670.2
2026-01-20,16:15 - 16:30,55759.6
2026-01-20,16:30 - 16:45,55535.6
2026-01-20,16:45 - 17:00,56120.8
2026-01-20,17:00 - 17:15,57086.3
2026-01-20,17:15 - 17:30,58669.6
2026-01-20,17:30 - 17:45,60544.4
2026-01-20,17:45 - 18:00,62112.3
2026-01-20,18:00 - 18:15,63180.4
2026-01-20,18:15 - 18:30,64129.1
2026-01-20,18:30 - 18:45,64263.3
2026-01-20,18:45 - 19:00,64678.8
2026-01-20,19:00 - 19:15,64232.8
2026-01-20,19:15 - 19:30,63835.9
2026-01-20,19:30 - 19:45,63249.4
2026-01-20,19:45 - 20:00,62244.5
2026-01-20,20:00 - 20:15,61077.5
2026-01-20,20:15 - 20:30,59989.6
2026-01-20,20:30 - 20:45,58970.9
2026-01-20,20:45 - 21:00,58038.7
2026-01-20,21:00 - 21:15,56773.6
2026-01-20,21:15 - 21:30,55490.8
2026-01-20,21:30 - 21:45,54149.2
2026-01-20,21:45 - 22:00,52547.9
2026-01-20,22:00 - 22:15,51209.8
2026-01-20,22:15 - 22:30,50437.8
2026-01-20,22:30 - 22:45,49358.3
2026-01-20,22:45 - 23:00,48052.5
2026-01-20,23:00 - 23:15,46970.4
2026-01-20,23:15 - 23:30,46161.5
2026-01-20,23:30 - 23:45,45379.3
2026-01-20,23:45 - 24:00,44526.3
2026-01-21,00:00 - 00:15,43530.9
2026-01-21,00:15 - 00:30,42890.0
2026-01-21,00:30 - 00:45,42361.0
2026-01-21,00:45 - 01:00,41864.2
2026-01-21,01:00 - 01:15,41246.7
2026-01-21,01:15 - 01:30,40914.4
2026-01-21,01:30 - 01:45,40679.4
2026-01-21,01:45 - 02:00,40512.4
2026-01-21,02:00 - 02:15,40176.8
2026-01-21,02:15 - 02:30,39982.1
2026-01-21,02:30 - 02:45,39767.7
2026-01-21,02:45 - 03:00,39708.1
2026-01-21,03:00 - 03:15,39551.4
2026-01-21,03:15 - 03:30,39513.7
2026-01-21,03:30 - 03:45,39596.1
2026-01-21,03:45 - 04:00,39663.8
2026-01-21,04:00 - 04:15,39773.8
2026-01-21,04:15 - 04:30,40953.1
2026-01-21,04:30 - 04:45,41907.8
2026-01-21,04:45 - 05:00,43097.9
2026-01-21,05:00 - 05:15,44983.3
2026-01-21,05:15 - 05:30,47672.6
2026-01-21,05:30 - 05:45,49772.7
2026-01-21,05:45 - 06:00,52072.1
2026-01-21,06:00 - 06:15,53541.2
2026-01-21,06:15 - 06:30,56100.9
2026-01-21,06:30 - 06:45,58052.8
2026-01-21,06:45 - 07:00,59109.8
2026-01-21,07:00 - 07:15,59219.1
2026-01-21,07:15 - 07:30,61474.6
2026-01-21,07:30 - 07:45,62122.0
2026-01-21,07:45 - 08:00,62550.1
2026-01-21,08:00 - 08:15,64956.3
2026-01-21,08:15 - 08:30,66384.2
2026-01-21,08:30 - 08:45,66838.7
2026-01-21,08:45 - 09:00,67261.2
2026-01-21,09:00 - 09:15,67910.9
2026-01-21,09:15 - 09:30,69047.6
2026-01-21,09:30 - 09:45,70088.8
2026-01-21,09:45 - 10:00,70862.5
2026-01-21,10:00 - 10:15,70267.6
2026-01-21,10:15 - 10:30,69637.8
2026-01-21,10:30 - 10:45,69044.1
2026-01-21,10:45 - 11:00,68242.6
2026-01-21,11:00 - 11:15,67055.8
2026-01-21,11:15 - 11:30,66707.2
2026-01-21,11:30 - 11:45,65931.9
2026-01-21,11:45 - 12:00,65808.4
2026-01-21,12:00 - 12:15,64721.1
2026-01-21,12:15 - 12:30,63885.0
2026-01-21,12:30 - 12:45,63078.0
2026-01-21,12:45 - 13:00,62044.7
2026-01-21,13:00 - 13:15,59791.8
2026-01-21,13:15 - 13:30,58417.3
2026-01-21,13:30 - 13:45,58092.3
2026-01-21,13:45 - 14:00,57895.5
2026-01-21,14:00 - 14:15,57732.2
2026-01-21,14:15 - 14:30,57777.1
2026-01-21,14:30 - 14:45,57530.1
2026-01-21,14:45 - 15:00,57497.8
2026-01-21,15:00 - 15:15,56248.8
2026-01-21,15:15 - 15:30,56283.2
2026-01-21,15:30 - 15:45,56154.8
2026-01-21,15:45 - 16:00,56178.5
2026-01-21,16:00 - 16:15,55473.2
2026-01-21,16:15 - 16:30,55445.5
2026-01-21,16:30 - 16:45,55138.1
2026-01-21,16:45 - 17:00,55939.3
2026-01-21,17:00 - 17:15,56504.0
2026-01-21,17:15 - 17:30,57721.5
2026-01-21,17:30 - 17:45,59780.4
2026-01-21,17:45 - 18:00,61764.4
2026-01-21,18:00 - 18:15,63114.5
2026-01-21,18:15 - 18:30,63476.3
2026-01-21,18:30 - 18:45,63361.8
2026-01-21,18:45 - 19:00,63384.0
2026-01-21,19:00 - 19:15,63408.6
2026-01-21,19:15 - 19:30,63831.0
2026-01-21,19:30 - 19:45,63441.7
2026-01-21,19:45 - 20:00,62402.3
2026-01-21,20:00 - 20:15,60772.4
2026-01-21,20:15 - 20:30,59681.1
2026-01-21,20:30 - 20:45,58771.3
2026-01-21,20:45 - 21:00,57894.4
2026-01-21,21:00 - 21:15,56764.1
2026-01-21,21:15 - 21:30,55477.2
2026-01-21,21:30 - 21:45,54204.7
2026-01-21,21:45 - 22:00,52827.0
2026-01-21,22:00 - 22:15,51785.7
2026-01-21,22:15 - 22:30,50766.7
2026-01-21,22:30 - 22:45,49542.7
2026-01-21,22:45 - 23:00,48356.7
2026-01-21,23:00 - 23:15,47258.1
2026-01-21,23:15 - 23:30,46384.9
2026-01-21,23:30 - 23:45,45711.8
2026-01-21,23:45 - 24:00,44888.8
2026-01-22,00:00 - 00:15,43988.1
2026-01-22,00:15 - 00:30,43488.8
2026-01-22,00:30 - 00:45,42919.5
2026-01-22,00:45 - 01:00,42266.3
2026-01-22,01:00 - 01:15,41733.5
2026-01-22,01:15 - 01:30,41343.4
2026-01-22,01:30 - 01:45,41020.5
2026-01-22,01:45 - 02:00,40795.9
2026-01-22,02:00 - 02:15,40438.5
2026-01-22,02:15 - 02:30,40262.5
2026-01-22,02:30 - 02:45,40028.7
2026-01-22,02:45 - 03:00,39867.9
2026-01-22,03:00 - 03:15,39784.5
2026-01-22,03:15 - 03:30,39805.5
2026-01-22,03:30 - 03:45,39926.0
2026-01-22,03:45 - 04:00,40192.7
2026-01-22,04:00 - 04:15,40350.9
2026-01-22,04:15 - 04:30,41383.9
2026-01-22,04:30 - 04:45,42451.6
2026-01-22,04:45 - 05:00,43554.0
2026-01-22,05:00 - 05:15,45304.9
2026-01-22,05:15 - 05:30,47397.5
2026-01-22,05:30 - 05:45,49402.6
2026-01-22,05:45 - 06:00,51781.2
2026-01-22,06:00 - 06:15,53719.5
2026-01-22,06:15 - 06:30,55814.8
2026-01-22,06:30 - 06:45,57304.2
2026-01-22,06:45 - 07:00,58743.0
2026-01-22,07:00 - 07:15,58754.9
2026-01-22,07:15 - 07:30,59397.7
2026-01-22,07:30 - 07:45,60169.0
2026-01-22,07:45 - 08:00,61857.1
2026-01-22,08:00 - 08:15,64063.2
2026-01-22,08:15 - 08:30,64909.8
2026-01-22,08:30 - 08:45,66534.6
2026-01-22,08:45 - 09:00,67140.3
2026-01-22,09:00 - 09:15,68358.7
2026-01-22,09:15 - 09:30,70144.3
2026-01-22,09:30 - 09:45,70888.5
2026-01-22,09:45 - 10:00,70295.0
2026-01-22,10:00 - 10:15,69430.3
2026-01-22,10:15 - 10:30,68504.2
2026-01-22,10:30 - 10:45,67598.7
2026-01-22,10:45 - 11:00,66737.2
2026-01-22,11:00 - 11:15,66133.0
2026-01-22,11:15 - 11:30,64936.7
2026-01-22,11:30 - 11:45,64321.0
2026-01-22,11:45 - 12:00,63542.0
2026-01-22,12:00 - 12:15,62346.8
2026-01-22,12:15 - 12:30,61485.9
2026-01-22,12:30 - 12:45,60568.2
2026-01-22,12:45 - 13:00,59495.3
2026-01-22,13:00 - 13:15,57894.5
2026-01-22,13:15 - 13:30,56987.8
2026-01-22,13:30 - 13:45,56737.0
2026-01-22,13:45 - 14:00,56612.2
2026-01-22,14:00 - 14:15,56588.9
2026-01-22,14:15 - 14:30,56425.5
2026-01-22,14:30 - 14:45,56086.4
2026-01-22,14:45 - 15:00,55582.9
2026-01-22,15:00 - 15:15,54957.1
2026-01-22,15:15 - 15:30,55268.1
2026-01-22,15:30 - 15:45,55232.0
2026-01-22,15:45 - 16:00,55394.6
2026-01-22,16:00 - 16:15,55005.2
2026-01-22,16:15 - 16:30,55443.9
2026-01-22,16:30 - 16:45,55110.1
2026-01-22,16:45 - 17:00,55387.4
2026-01-22,17:00 - 17:15,56391.4
2026-01-22,17:15 - 17:30,58288.1
2026-01-22,17:30 - 17:45,60343.0
2026-01-22,17:45 - 18:00,62371.8
2026-01-22,18:00 - 18:15,63831.0
2026-01-22,18:15 - 18:30,64694.6
2026-01-22,18:30 - 18:45,64496.0
2026-01-22,18:45 - 19:00,64152.9
2026-01-22,19:00 - 19:15,63598.2
2026-01-22,19:15 - 19:30,63313.1
2026-01-22,19:30 - 19:45,62303.3
2026-01-22,19:45 - 20:00,60872.5
2026-01-22,20:00 - 20:15,59554.1
2026-01-22,20:15 - 20:30,58303.6
2026-01-22,20:30 - 20:45,56966.9
2026-01-22,20:45 - 21:00,55623.1
2026-01-22,21:00 - 21:15,54334.4
2026-01-22,21:15 - 21:30,52827.0
2026-01-22,21:30 - 21:45,51112.9
2026-01-22,21:45 - 22:00,49293.7
2026-01-22,22:00 - 22:15,48042.3
2026-01-22,22:15 - 22:30,47190.8
2026-01-22,22:30 - 22:45,45839.7
2026-01-22,22:45 - 23:00,44254.6
2026-01-22,23:00 - 23:15,43018.0
2026-01-22,23:15 - 23:30,42267.4
2026-01-22,23:30 - 23:45,41555.0
2026-01-22,23:45 - 24:00,40470.3
2026-01-23,00:00 - 00:15,39125.3
2026-01-23,00:15 - 00:30,38246.3
2026-01-23,00:30 - 00:45,37650.4
2026-01-23,00:45 - 01:00,37224.6
2026-01-23,01:00 - 01:15,36656.4
2026-01-23,01:15 - 01:30,36248.2
2026-01-23,01:30 - 01:45,35905.5
2026-01-23,01:45 - 02:00,35570.0
2026-01-23,02:00 - 02:15,35112.3
2026-01-23,02:15 - 02:30,34699.2
2026-01-23,02:30 - 02:45,34492.0
2026-01-23,02:45 - 03:00,34216.6
2026-01-23,03:00 - 03:15,33976.4
2026-01-23,03:15 - 03:30,33704.4
2026-01-23,03:30 - 03:45,33470.2
2026-01-23,03:45 - 04:00,33442.6
2026-01-23,04:00 - 04:15,33524.4
2026-01-23,04:15 - 04:30,34350.0
2026-01-23,04:30 - 04:45,35047.2
2026-01-23,04:45 - 05:00,35968.0
2026-01-23,05:00 - 05:15,37272.8
2026-01-23,05:15 - 05:30,39070.9
2026-01-23,05:30 - 05:45,40532.1
2026-01-23,05:45 - 06:00,41964.7
2026-01-23,06:00 - 06:15,43293.4
2026-01-23,06:15 - 06:30,44502.2
2026-01-23,06:30 - 06:45,44855.0
2026-01-23,06:45 - 07:00,44917.9
2026-01-23,07:00 - 07:15,45052.6
2026-01-23,07:15 - 07:30,46684.6
2026-01-23,07:30 - 07:45,47731.0
2026-01-23,07:45 - 08:00,48556.9
2026-01-23,08:00 - 08:15,50111.6
2026-01-23,08:15 - 08:30,50164.0
2026-01-23,08:30 - 08:45,51245.0
2026-01-23,08:45 - 09:00,52267.4
2026-01-23,09:00 - 09:15,53314.8
2026-01-23,09:15 - 09:30,54470.2
2026-01-23,09:30 - 09:45,55148.2
2026-01-23,09:45 - 10:00,54931.3
2026-01-23,10:00 - 10:15,54797.6
2026-01-23,10:15 - 10:30,54705.7
2026-01-23,10:30 - 10:45,54285.9
2026-01-23,10:45 - 11:00,53240.7
2026-01-23,11:00 - 11:15,52355.3
2026-01-23,11:15 - 11:30,52359.1
2026-01-23,11:30 - 11:45,51937.0
2026-01-23,11:45 - 12:00,51309.9
2026-01-23,12:00 - 12:15,50831.3
2026-01-23,12:15 - 12:30,50775.0
2026-01-23,12:30 - 12:45,51086.1
2026-01-23,12:45 - 13:00,50436.5
2026-01-23,13:00 - 13:15,49136.4
2026-01-23,13:15 - 13:30,48257.4
2026-01-23,13:30 - 13:45,47901.3
2026-01-23,13:45 - 14:00,47483.0
2026-01-23,14:00 - 14:15,47109.1
2026-01-23,14:15 - 14:30,46856.0
2026-01-23,14:30 - 14:45,46265.2
2026-01-23,14:45 - 15:00,46450.3
2026-01-23,15:00 - 15:15,46319.3
2026-01-23,15:15 - 15:30,46414.8
2026-01-23,15:30 - 15:45,46412.6
2026-01-23,15:45 - 16:00,46929.1
2026-01-23,16:00 - 16:15,47087.6
2026-01-23,16:15 - 16:30,47738.2
2026-01-23,16:30 - 16:45,48143.7
2026-01-23,16:45 - 17:00,48850.3
2026-01-23,17:00 - 17:15,49251.2
2026-01-23,17:15 - 17:30,51115.9
2026-01-23,17:30 - 17:45,52991.3
2026-01-23,17:45 - 18:00,54894.1
2026-01-23,18:00 - 18:15,56074.6
2026-01-23,18:15 - 18:30,57253.4
2026-01-23,18:30 - 18:45,58119.5
2026-01-23,18:45 - 19:00,59044.2
2026-01-23,19:00 - 19:15,59146.8
2026-01-23,19:15 - 19:30,58766.4
2026-01-23,19:30 - 19:45,58261.7
2026-01-23,19:45 - 20:00,57404.7
2026-01-23,20:00 - 20:15,56271.0
2026-01-23,20:15 - 20:30,55222.8
2026-01-23,20:30 - 20:45,54206.0
2026-01-23,20:45 - 21:00,52982.6
2026-01-23,21:00 - 21:15,51864.6
2026-01-23,21:15 - 21:30,50896.1
2026-01-23,21:30 - 21:45,49652.3
2026-01-23,21:45 - 22:00,48327.3
2026-01-23,22:00 - 22:15,47013.1
2026-01-23,22:15 - 22:30,46147.7
2026-01-23,22:30 - 22:45,44990.0
2026-01-23,22:45 - 23:00,43888.3
2026-01-23,23:00 - 23:15,42896.8
2026-01-23,23:15 - 23:30,42267.8
2026-01-23,23:30 - 23:45,41544.7
2026-01-23,23:45 - 24:00,40814.5
2026-01-24,00:00 - 00:15,40054.7
2026-01-24,00:15 - 00:30,39564.5
2026-01-24,00:30 - 00:45,38736.3
2026-01-24,00:45 - 01:00,38050.6
2026-01-24,01:00 - 01:15,37274.7
2026-01-24,01:15 - 01:30,37069.9
2026-01-24,01:30 - 01:45,36966.7
2026-01-24,01:45 - 02:00,36821.8
2026-01-24,02:00 - 02:15,36587.1
2026-01-24,02:15 - 02:30,36118.3
2026-01-24,02:30 - 02:45,35885.6
2026-01-24,02:45 - 03:00,35734.5
2026-01-24,03:00 - 03:15,35599.6
2026-01-24,03:15 - 03:30,35606.0
2026-01-24,03:30 - 03:45,35620.9
2026-01-24,03:45 - 04:00,35727.8
2026-01-24,04:00 - 04:15,35907.3
2026-01-24,04:15 - 04:30,36788.0
2026-01-24,04:30 - 04:45,37627.2
2026-01-24,04:45 - 05:00,38439.0
2026-01-24,05:00 - 05:15,40028.6
2026-01-24,05:15 - 05:30,42187.9
2026-01-24,05:30 - 05:45,44024.0
2026-01-24,05:45 - 06:00,46013.9
2026-01-24,06:00 - 06:15,47672.7
2026-01-24,06:15 - 06:30,49676.1
2026-01-24,06:30 - 06:45,51406.0
2026-01-24,06:45 - 07:00,52164.1
2026-01-24,07:00 - 07:15,52130.3
2026-01-24,07:15 - 07:30,53810.6
2026-01-24,07:30 - 07:45,55420.2
2026-01-24,07:45 - 08:00,55918.1
2026-01-24,08:00 - 08:15,57207.2
2026-01-24,08:15 - 08:30,58866.7
2026-01-24,08:30 - 08:45,60020.4
2026-01-24,08:45 - 09:00,60350.5
2026-01-24,09:00 - 09:15,60570.1
2026-01-24,09:15 - 09:30,61683.2
2026-01-24,09:30 - 09:45,62237.4
2026-01-24,09:45 - 10:00,62403.3
2026-01-24,10:00 - 10:15,62187.3
2026-01-24,10:15 - 10:30,61677.5
2026-01-24,10:30 - 10:45,60793.3
2026-01-24,10:45 - 11:00,60194.0
2026-01-24,11:00 - 11:15,59587.6
2026-01-24,11:15 - 11:30,59436.8
2026-01-24,11:30 - 11:45,59186.3
2026-01-24,11:45 - 12:00,58672.7
2026-01-24,12:00 - 12:15,57509.9
2026-01-24,12:15 - 12:30,56927.7
2026-01-24,12:30 - 12:45,55812.4
2026-01-24,12:45 - 13:00,54819.8
2026-01-24,13:00 - 13:15,52808.3
2026-01-24,13:15 - 13:30,51909.3
2026-01-24,13:30 - 13:45,52154.4
2026-01-24,13:45 - 14:00,52270.8
2026-01-24,14:00 - 14:15,51865.0
2026-01-24,14:15 - 14:30,51750.2
2026-01-24,14:30 - 14:45,51468.0
2026-01-24,14:45 - 15:00,51759.8
2026-01-24,15:00 - 15:15,51305.1
2026-01-24,15:15 - 15:30,50504.3
2026-01-24,15:30 - 15:45,49815.5
2026-01-24,15:45 - 16:00,49619.3
2026-01-24,16:00 - 16:15,49278.0
2026-01-24,16:15 - 16:30,50090.7
2026-01-24,16:30 - 16:45,51116.7
2026-01-24,16:45 - 17:00,51922.1
2026-01-24,17:00 - 17:15,52767.9
2026-01-24,17:15 - 17:30,54341.2
2026-01-24,17:30 - 17:45,56622.9
2026-01-24,17:45 - 18:00,58499.8
2026-01-24,18:00 - 18:15,60107.0
2026-01-24,18:15 - 18:30,60860.8
2026-01-24,18:30 - 18:45,61314.9
2026-01-24,18:45 - 19:00,62448.8
2026-01-24,19:00 - 19:15,61840.7
2026-01-24,19:15 - 19:30,61469.0
2026-01-24,19:30 - 19:45,60908.3
2026-01-24,19:45 - 20:00,60546.1
2026-01-24,20:00 - 20:15,60028.4
2026-01-24,20:15 - 20:30,59270.2
2026-01-24,20:30 - 20:45,58114.2
2026-01-24,20:45 - 21:00,57043.3
2026-01-24,21:00 - 21:15,55759.3
2026-01-24,21:15 - 21:30,54572.3
2026-01-24,21:30 - 21:45,53325.5
2026-01-24,21:45 - 22:00,51885.4
2026-01-24,22:00 - 22:15,50699.3
2026-01-24,22:15 - 22:30,49653.6
2026-01-24,22:30 - 22:45,48404.9
2026-01-24,22:45 - 23:00,47261.5
2026-01-24,23:00 - 23:15,46194.0
2026-01-24,23:15 - 23:30,45390.9
2026-01-24,23:30 - 23:45,44664.8
2026-01-24,23:45 - 24:00,43694.5
2026-01-25,00:00 - 00:15,42806.1
2026-01-25,00:15 - 00:30,42060.8
2026-01-25,00:30 - 00:45,41325.7
2026-01-25,00:45 - 01:00,40742.7
2026-01-25,01:00 - 01:15,40054.3
2026-01-25,01:15 - 01:30,39624.4
2026-01-25,01:30 - 01:45,39203.4
2026-01-25,01:45 - 02:00,39005.0
2026-01-25,02:00 - 02:15,38683.8
2026-01-25,02:15 - 02:30,38141.5
2026-01-25,02:30 - 02:45,38163.0
2026-01-25,02:45 - 03:00,38063.4
2026-01-25,03:00 - 03:15,37928.0
2026-01-25,03:15 - 03:30,37997.5
2026-01-25,03:30 - 03:45,38020.4
2026-01-25,03:45 - 04:00,38164.5
2026-01-25,04:00 - 04:15,38261.2
2026-01-25,04:15 - 04:30,39281.3
2026-01-25,04:30 - 04:45,40310.2
2026-01-25,04:45 - 05:00,41331.8
2026-01-25,05:00 - 05:15,42741.3
2026-01-25,05:15 - 05:30,44580.5
2026-01-25,05:30 - 05:45,46196.2
2026-01-25,05:45 - 06:00,47948.1
2026-01-25,06:00 - 06:15,49056.6
2026-01-25,06:15 - 06:30,50319.9
2026-01-25,06:30 - 06:45,51065.0
2026-01-25,06:45 - 07:00,51936.6
2026-01-25,07:00 - 07:15,52704.7
2026-01-25,07:15 - 07:30,54082.2
2026-01-25,07:30 - 07:45,54572.5
2026-01-25,07:45 - 08:00,55077.8
2026-01-25,08:00 - 08:15,56191.3
2026-01-25,08:15 - 08:30,57680.7
2026-01-25,08:30 - 08:45,58702.1
2026-01-25,08:45 - 09:00,59313.6
2026-01-25,09:00 - 09:15,61149.8
2026-01-25,09:15 - 09:30,62445.4
2026-01-25,09:30 - 09:45,63014.8
2026-01-25,09:45 - 10:00,63675.7
2026-01-25,10:00 - 10:15,64681.4
2026-01-25,10:15 - 10:30,65483.5
2026-01-25,10:30 - 10:45,65240.4
2026-01-25,10:45 - 11:00,64422.3
2026-01-25,11:00 - 11:15,63510.5
2026-01-25,11:15 - 11:30,62993.0
2026-01-25,11:30 - 11:45,62156.5
2026-01-25,11:45 - 12:00,61083.7
2026-01-25,12:00 - 12:15,59525.6
2026-01-25,12:15 - 12:30,58059.6
2026-01-25,12:30 - 12:45,56647.9
2026-01-25,12:45 - 13:00,55333.5
2026-01-25,13:00 - 13:15,53245.1
2026-01-25,13:15 - 13:30,51864.2
2026-01-25,13:30 - 13:45,51531.1
2026-01-25,13:45 - 14:00,51132.8
2026-01-25,14:00 - 14:15,50709.2
2026-01-25,14:15 - 14:30,50529.4
2026-01-25,14:30 - 14:45,50109.5
2026-01-25,14:45 - 15:00,50009.8
2026-01-25,15:00 - 15:15,49091.2
2026-01-25,15:15 - 15:30,48929.3
2026-01-25,15:30 - 15:45,48769.2
2026-01-25,15:45 - 16:00,48794.7
2026-01-25,16:00 - 16:15,47802.8
2026-01-25,16:15 - 16:30,47977.4
2026-01-25,16:30 - 16:45,48546.3
2026-01-25,16:45 - 17:00,49563.9
2026-01-25,17:00 - 17:15,50215.3
2026-01-25,17:15 - 17:30,51358.6
2026-01-25,17:30 - 17:45,53522.0
2026-01-25,17:45 - 18:00,55646.5
2026-01-25,18:00 - 18:15,57127.5
2026-01-25,18:15 - 18:30,58582.5
2026-01-25,18:30 - 18:45,58839.3
2026-01-25,18:45 - 19:00,58995.4
2026-01-25,19:00 - 19:15,58754.0
2026-01-25,19:15 - 19:30,59226.2
2026-01-25,19:30 - 19:45,58830.2
2026-01-25,19:45 - 20:00,58135.3
2026-01-25,20:00 - 20:15,56998.0
2026-01-25,20:15 - 20:30,56171.7
2026-01-25,20:30 - 20:45,55509.2
2026-01-25,20:45 - 21:00,54797.8
2026-01-25,21:00 - 21:15,53992.0
2026-01-25,21:15 - 21:30,52845.1
2026-01-25,21:30 - 21:45,51171.0
2026-01-25,21:45 - 22:00,49488.3
2026-01-25,22:00 - 22:15,48354.0
2026-01-25,22:15 - 22:30,47349.2
2026-01-25,22:30 - 22:45,46295.0
2026-01-25,22:45 - 23:00,45247.9
2026-01-25,23:00 - 23:15,44182.8
2026-01-25,23:15 - 23:30,43404.6
2026-01-25,23:30 - 23:45,42774.6
2026-01-25,23:45 - 24:00,41912.0
2026-01-26,00:00 - 00:15,41093.4
2026-01-26,00:15 - 00:30,40317.7
2026-01-26,00:30 - 00:45,39672.1
2026-01-26,00:45 - 01:00,39138.6
2026-01-26,01:00 - 01:15,38673.7
2026-01-26,01:15 - 01:30,38280.6
2026-01-26,01:30 - 01:45,38002.0
2026-01-26,01:45 - 02:00,37724.1
2026-01-26,02:00 - 02:15,37406.1
2026-01-26,02:15 - 02:30,37267.5
2026-01-26,02:30 - 02:45,37106.6
2026-01-26,02:45 - 03:00,37003.2
2026-01-26,03:00 - 03:15,36900.5
2026-01-26,03:15 - 03:30,36876.4
2026-01-26,03:30 - 03:45,36946.5
2026-01-26,03:45 - 04:00,37138.3
2026-01-26,04:00 - 04:15,37409.8
2026-01-26,04:15 - 04:30,38373.9
2026-01-26,04:30 - 04:45,39446.5
2026-01-26,04:45 - 05:00,40514.2
2026-01-26,05:00 - 05:15,42207.1
2026-01-26,05:15 - 05:30,44158.8
2026-01-26,05:30 - 05:45,45983.4
2026-01-26,05:45 - 06:00,47877.7
2026-01-26,06:00 - 06:15,49754.0
2026-01-26,06:15 - 06:30,52173.6
2026-01-26,06:30 - 06:45,54286.6
2026-01-26,06:45 - 07:00,56390.0
2026-01-26,07:00 - 07:15,58208.3
2026-01-26,07:15 - 07:30,59939.2
2026-01-26,07:30 - 07:45,61287.2
2026-01-26,07:45 - 08:00,62224.9
2026-01-26,08:00 - 08:15,62623.3
2026-01-26,08:15 - 08:30,63036.8
2026-01-26,08:30 - 08:45,63339.1
2026-01-26,08:45 - 09:00,63595.7
2026-01-26,09:00 - 09:15,63872.8
2026-01-26,09:15 - 09:30,64294.2
2026-01-26,09:30 - 09:45,63945.0
2026-01-26,09:45 - 10:00,63696.4
2026-01-26,10:00 - 10:15,62845.9
2026-01-26,10:15 - 10:30,62420.2
2026-01-26,10:30 - 10:45,61464.0
2026-01-26,10:45 - 11:00,60462.7
2026-01-26,11:00 - 11:15,59454.8
2026-01-26,11:15 - 11:30,59031.9
2026-01-26,11:30 - 11:45,58568.7
2026-01-26,11:45 - 12:00,58006.7
2026-01-26,12:00 - 12:15,57079.0
2026-01-26,12:15 - 12:30,56596.1
2026-01-26,12:30 - 12:45,55781.7
2026-01-26,12:45 - 13:00,55172.1
2026-01-26,13:00 - 13:15,53273.4
2026-01-26,13:15 - 13:30,52222.7
2026-01-26,13:30 - 13:45,51730.3
2026-01-26,13:45 - 14:00,50981.4
2026-01-26,14:00 - 14:15,50160.9
2026-01-26,14:15 - 14:30,50069.8
2026-01-26,14:30 - 14:45,50023.1
2026-01-26,14:45 - 15:00,49786.4
2026-01-26,15:00 - 15:15,49263.0
2026-01-26,15:15 - 15:30,49029.2
2026-01-26,15:30 - 15:45,48960.0
2026-01-26,15:45 - 16:00,49098.0
2026-01-26,16:00 - 16:15,48202.6
2026-01-26,16:15 - 16:30,48417.8
2026-01-26,16:30 - 16:45,48474.9
2026-01-26,16:45 - 17:00,49426.8
2026-01-26,17:00 - 17:15,49643.8
2026-01-26,17:15 - 17:30,50611.5
2026-01-26,17:30 - 17:45,52199.9
2026-01-26,17:45 - 18:00,53990.4
2026-01-26,18:00 - 18:15,55102.8
2026-01-26,18:15 - 18:30,56543.9
2026-01-26,18:30 - 18:45,57024.8
2026-01-26,18:45 - 19:00,57189.7
2026-01-26,19:00 - 19:15,56885.2
2026-01-26,19:15 - 19:30,56471.2
2026-01-26,19:30 - 19:45,55819.0
2026-01-26,19:45 - 20:00,55122.8
2026-01-26,20:00 - 20:15,54100.2
2026-01-26,20:15 - 20:30,53384.2
2026-01-26,20:30 - 20:45,52658.8
2026-01-26,20:45 - 21:00,51645.1
2026-01-26,21:00 - 21:15,50596.0
2026-01-26,21:15 - 21:30,49171.6
2026-01-26,21:30 - 21:45,48199.2
2026-01-26,21:45 - 22:00,46725.5
2026-01-26,22:00 - 22:15,45457.3
2026-01-26,22:15 - 22:30,44683.1
2026-01-26,22:30 - 22:45,43307.0
2026-01-26,22:45 - 23:00,42159.7
2026-01-26,23:00 - 23:15,41190.7
2026-01-26,23:15 - 23:30,40441.5
2026-01-26,23:30 - 23:45,39698.2
2026-01-26,23:45 - 24:00,38906.7
2026-01-27,00:00 - 00:15,38301.3
2026-01-27,00:15 - 00:30,37576.8
2026-01-27,00:30 - 00:45,37048.8
2026-01-27,00:45 - 01:00,36688.6
2026-01-27,01:00 - 01:15,36278.3
2026-01-27,01:15 - 01:30,35886.1
2026-01-27,01:30 - 01:45,35461.4
2026-01-27,01:45 - 02:00,35217.4
2026-01-27,02:00 - 02:15,34946.0
2026-01-27,02:15 - 02:30,34819.8
2026-01-27,02:30 - 02:45,34609.1
2026-01-27,02:45 - 03:00,34519.3
2026-01-27,03:00 - 03:15,34493.0
2026-01-27,03:15 - 03:30,34553.7
2026-01-27,03:30 - 03:45,34687.5
2026-01-27,03:45 - 04:00,34799.6
2026-01-27,04:00 - 04:15,34999.5
2026-01-27,04:15 - 04:30,36069.6
2026-01-27,04:30 - 04:45,37090.4
2026-01-27,04:45 - 05:00,38353.7
2026-01-27,05:00 - 05:15,40026.9
2026-01-27,05:15 - 05:30,42180.5
2026-01-27,05:30 - 05:45,44196.5
2026-01-27,05:45 - 06:00,46386.2
2026-01-27,06:00 - 06:15,48267.6
2026-01-27,06:15 - 06:30,50522.8
2026-01-27,06:30 - 06:45,51901.2
2026-01-27,06:45 - 07:00,53090.6
2026-01-27,07:00 - 07:15,53019.1
2026-01-27,07:15 - 07:30,54246.0
2026-01-27,07:30 - 07:45,55202.3
2026-01-27,07:45 - 08:00,55844.9
2026-01-27,08:00 - 08:15,57144.5
2026-01-27,08:15 - 08:30,58226.7
2026-01-27,08:30 - 08:45,59049.2
2026-01-27,08:45 - 09:00,59677.0
2026-01-27,09:00 - 09:15,61016.7
2026-01-27,09:15 - 09:30,61948.7
2026-01-27,09:30 - 09:45,62756.4
2026-01-27,09:45 - 10:00,63028.6
2026-01-27,10:00 - 10:15,63211.1
2026-01-27,10:15 - 10:30,63396.1
2026-01-27,10:30 - 10:45,62970.7
2026-01-27,10:45 - 11:00,63852.8
2026-01-27,11:00 - 11:15,63310.5
2026-01-27,11:15 - 11:30,62426.2
2026-01-27,11:30 - 11:45,62011.4
2026-01-27,11:45 - 12:00,60732.6
2026-01-27,12:00 - 12:15,59369.2
2026-01-27,12:15 - 12:30,58338.6
2026-01-27,12:30 - 12:45,57155.4
2026-01-27,12:45 - 13:00,55958.7
2026-01-27,13:00 - 13:15,53842.6
2026-01-27,13:15 - 13:30,53354.9
2026-01-27,13:30 - 13:45,53534.9
2026-01-27,13:45 - 14:00,53883.0
2026-01-27,14:00 - 14:15,53331.0
2026-01-27,14:15 - 14:30,53522.8
2026-01-27,14:30 - 14:45,53516.5
2026-01-27,14:45 - 15:00,53563.9
2026-01-27,15:00 - 15:15,52910.7
2026-01-27,15:15 - 15:30,52786.7
2026-01-27,15:30 - 15:45,53204.4
2026-01-27,15:45 - 16:00,53328.8
2026-01-27,16:00 - 16:15,53431.4
2026-01-27,16:15 - 16:30,53677.6
2026-01-27,16:30 - 16:45,53871.9
2026-01-27,16:45 - 17:00,54849.3
2026-01-27,17:00 - 17:15,55685.9
2026-01-27,17:15 - 17:30,56237.7
2026-01-27,17:30 - 17:45,57414.7
2026-01-27,17:45 - 18:00,59277.9
2026-01-27,18:00 - 18:15,60285.6
2026-01-27,18:15 - 18:30,60731.5
2026-01-27,18:30 - 18:45,61010.2
2026-01-27,18:45 - 19:00,61286.2
2026-01-27,19:00 - 19:15,60625.9
2026-01-27,19:15 - 19:30,60129.4
2026-01-27,19:30 - 19:45,59192.5
2026-01-27,19:45 - 20:00,58016.2
2026-01-27,20:00 - 20:15,56565.2
2026-01-27,20:15 - 20:30,55676.1
2026-01-27,20:30 - 20:45,54543.0
2026-01-27,20:45 - 21:00,53443.2
2026-01-27,21:00 - 21:15,52002.0
2026-01-27,21:15 - 21:30,50792.6
2026-01-27,21:30 - 21:45,49387.8
2026-01-27,21:45 - 22:00,47887.9
2026-01-27,22:00 - 22:15,46666.3
2026-01-27,22:15 - 22:30,45909.4
2026-01-27,22:30 - 22:45,44833.8
2026-01-27,22:45 - 23:00,43782.3
2026-01-27,23:00 - 23:15,42653.7
2026-01-27,23:15 - 23:30,41961.9
2026-01-27,23:30 - 23:45,41445.6
2026-01-27,23:45 - 24:00,40575.4
2026-01-28,00:00 - 00:15,39730.2
2026-01-28,00:15 - 00:30,38910.2
2026-01-28,00:30 - 00:45,38364.5
2026-01-28,00:45 - 01:00,37894.4
2026-01-28,01:00 - 01:15,37230.8
2026-01-28,01:15 - 01:30,36957.7
2026-01-28,01:30 - 01:45,36572.1
2026-01-28,01:45 - 02:00,36347.4
2026-01-28,02:00 - 02:15,35962.2
2026-01-28,02:15 - 02:30,35776.3
2026-01-28,02:30 - 02:45,35574.2
2026-01-28,02:45 - 03:00,35493.0
2026-01-28,03:00 - 03:15,35243.7
2026-01-28,03:15 - 03:30,35333.6
2026-01-28,03:30 - 03:45,35498.3
2026-01-28,03:45 - 04:00,35588.8
2026-01-28,04:00 - 04:15,35563.0
2026-01-28,04:15 - 04:30,36609.8
2026-01-28,04:30 - 04:45,37527.8
2026-01-28,04:45 - 05:00,38567.0
2026-01-28,05:00 - 05:15,40207.8
2026-01-28,05:15 - 05:30,42120.2
2026-01-28,05:30 - 05:45,44041.3
2026-01-28,05:45 - 06:00,46030.2
2026-01-28,06:00 - 06:15,47901.2
2026-01-28,06:15 - 06:30,49998.6
2026-01-28,06:30 - 06:45,51687.8
2026-01-28,06:45 - 07:00,53029.4
2026-01-28,07:00 - 07:15,53674.3
2026-01-28,07:15 - 07:30,55235.0
2026-01-28,07:30 - 07:45,56654.4
2026-01-28,07:45 - 08:00,57661.0
2026-01-28,08:00 - 08:15,58776.7
2026-01-28,08:15 - 08:30,59720.2
2026-01-28,08:30 - 08:45,60621.7
2026-01-28,08:45 - 09:00,61680.1
2026-01-28,09:00 - 09:15,62476.4
2026-01-28,09:15 - 09:30,63566.7
2026-01-28,09:30 - 09:45,64035.7
2026-01-28,09:45 - 10:00,64285.0
2026-01-28,10:00 - 10:15,63924.9
2026-01-28,10:15 - 10:30,63554.1
2026-01-28,10:30 - 10:45,63128.8
2026-01-28,10:45 - 11:00,62310.5
2026-01-28,11:00 - 11:15,61416.8
2026-01-28,11:15 - 11:30,60742.8
2026-01-28,11:30 - 11:45,60325.7
2026-01-28,11:45 - 12:00,59669.8
2026-01-28,12:00 - 12:15,58951.7
2026-01-28,12:15 - 12:30,58168.3
2026-01-28,12:30 - 12:45,57281.9
2026-01-28,12:45 - 13:00,56159.6
2026-01-28,13:00 - 13:15,53866.7
2026-01-28,13:15 - 13:30,52652.2
2026-01-28,13:30 - 13:45,52816.9
2026-01-28,13:45 - 14:00,53156.5
2026-01-28,14:00 - 14:15,53242.8
2026-01-28,14:15 - 14:30,53295.6
2026-01-28,14:30 - 14:45,53051.6
2026-01-28,14:45 - 15:00,52971.0
2026-01-28,15:00 - 15:15,52891.2
2026-01-28,15:15 - 15:30,53048.0
2026-01-28,15:30 - 15:45,53412.1
2026-01-28,15:45 - 16:00,53438.1
2026-01-28,16:00 - 16:15,53378.2
2026-01-28,16:15 - 16:30,53564.6
2026-01-28,16:30 - 16:45,53927.5
2026-01-28,16:45 - 17:00,54998.4
2026-01-28,17:00 - 17:15,56235.6
2026-01-28,17:15 - 17:30,57189.5
2026-01-28,17:30 - 17:45,58549.3
2026-01-28,17:45 - 18:00,59339.2
2026-01-28,18:00 - 18:15,59869.0
2026-01-28,18:15 - 18:30,60656.4
2026-01-28,18:30 - 18:45,61253.4
2026-01-28,18:45 - 19:00,61730.8
2026-01-28,19:00 - 19:15,61495.3
2026-01-28,19:15 - 19:30,61299.2
2026-01-28,19:30 - 19:45,61130.5
2026-01-28,19:45 - 20:00,61316.9
2026-01-28,20:00 - 20:15,60226.3
2026-01-28,20:15 - 20:30,59154.7
2026-01-28,20:30 - 20:45,58011.9
2026-01-28,20:45 - 21:00,56902.7
2026-01-28,21:00 - 21:15,55756.0
2026-01-28,21:15 - 21:30,54467.6
2026-01-28,21:30 - 21:45,53262.7
2026-01-28,21:45 - 22:00,51805.2
2026-01-28,22:00 - 22:15,50476.6
2026-01-28,22:15 - 22:30,49482.9
2026-01-28,22:30 - 22:45,48425.9
2026-01-28,22:45 - 23:00,47268.4
2026-01-28,23:00 - 23:15,46005.5
2026-01-28,23:15 - 23:30,45113.4
2026-01-28,23:30 - 23:45,44349.8
2026-01-28,23:45 - 24:00,43665.8
2026-01-29,00:00 - 00:15,42839.1
2026-01-29,00:15 - 00:30,42122.8
2026-01-29,00:30 - 00:45,41569.2
2026-01-29,00:45 - 01:00,41008.0
2026-01-29,01:00 - 01:15,40208.3
2026-01-29,01:15 - 01:30,39742.4
2026-01-29,01:30 - 01:45,39404.3
2026-01-29,01:45 - 02:00,39097.5
2026-01-29,02:00 - 02:15,38743.8
2026-01-29,02:15 - 02:30,38524.6
2026-01-29,02:30 - 02:45,38338.3
2026-01-29,02:45 - 03:00,38112.5
2026-01-29,03:00 - 03:15,38025.0
2026-01-29,03:15 - 03:30,38127.4
2026-01-29,03:30 - 03:45,38233.6
2026-01-29,03:45 - 04:00,38384.2
2026-01-29,04:00 - 04:15,38521.2
2026-01-29,04:15 - 04:30,39555.2
2026-01-29,04:30 - 04:45,40576.7
2026-01-29,04:45 - 05:00,41691.4
2026-01-29,05:00 - 05:15,43402.3
2026-01-29,05:15 - 05:30,45590.9
2026-01-29,05:30 - 05:45,47616.1
2026-01-29,05:45 - 06:00,49886.4
2026-01-29,06:00 - 06:15,51720.4
2026-01-29,06:15 - 06:30,54137.3
2026-01-29,06:30 - 06:45,55927.8
2026-01-29,06:45 - 07:00,56115.0
2026-01-29,07:00 - 07:15,55372.2
2026-01-29,07:15 - 07:30,56458.3
2026-01-29,07:30 - 07:45,57598.7
2026-01-29,07:45 - 08:00,58519.6
2026-01-29,08:00 - 08:15,59599.0
2026-01-29,08:15 - 08:30,60743.1
2026-01-29,08:30 - 08:45,61722.1
2026-01-29,08:45 - 09:00,62277.1
2026-01-29,09:00 - 09:15,64070.4
2026-01-29,09:15 - 09:30,65817.9
2026-01-29,09:30 - 09:45,66233.8
2026-01-29,09:45 - 10:00,66224.1
2026-01-29,10:00 - 10:15,65760.6
2026-01-29,10:15 - 10:30,65608.2
2026-01-29,10:30 - 10:45,64842.2
2026-01-29,10:45 - 11:00,63710.4
2026-01-29,11:00 - 11:15,62807.6
2026-01-29,11:15 - 11:30,62491.4
2026-01-29,11:30 - 11:45,61339.4
2026-01-29,11:45 - 12:00,60082.7
2026-01-29,12:00 - 12:15,58617.3
2026-01-29,12:15 - 12:30,57834.6
2026-01-29,12:30 - 12:45,56679.5
2026-01-29,12:45 - 13:00,55745.0
2026-01-29,13:00 - 13:15,53180.7
2026-01-29,13:15 - 13:30,51857.0
2026-01-29,13:30 - 13:45,51638.5
2026-01-29,13:45 - 14:00,51434.8
2026-01-29,14:00 - 14:15,51251.4
2026-01-29,14:15 - 14:30,51198.7
2026-01-29,14:30 - 14:45,51306.8
2026-01-29,14:45 - 15:00,51416.6
2026-01-29,15:00 - 15:15,50844.3
2026-01-29,15:15 - 15:30,51254.4
2026-01-29,15:30 - 15:45,51812.4
2026-01-29,15:45 - 16:00,52257.2
2026-01-29,16:00 - 16:15,51876.2
2026-01-29,16:15 - 16:30,52737.3
2026-01-29,16:30 - 16:45,53318.6
2026-01-29,16:45 - 17:00,54436.4
2026-01-29,17:00 - 17:15,55551.6
2026-01-29,17:15 - 17:30,56871.8
2026-01-29,17:30 - 17:45,58188.7
2026-01-29,17:45 - 18:00,60088.0
2026-01-29,18:00 - 18:15,61000.0
2026-01-29,18:15 - 18:30,61710.7
2026-01-29,18:30 - 18:45,61986.2
2026-01-29,18:45 - 19:00,62088.2
2026-01-29,19:00 - 19:15,61577.6
2026-01-29,19:15 - 19:30,61425.4
2026-01-29,19:30 - 19:45,60998.7
2026-01-29,19:45 - 20:00,60196.3
2026-01-29,20:00 - 20:15,60302.8
2026-01-29,20:15 - 20:30,59527.3
2026-01-29,20:30 - 20:45,58526.5
2026-01-29,20:45 - 21:00,57467.6
2026-01-29,21:00 - 21:15,56337.6
2026-01-29,21:15 - 21:30,55102.4
2026-01-29,21:30 - 21:45,53840.2
2026-01-29,21:45 - 22:00,52492.2
2026-01-29,22:00 - 22:15,51402.3
2026-01-29,22:15 - 22:30,50685.3
2026-01-29,22:30 - 22:45,49405.2
2026-01-29,22:45 - 23:00,48006.6
2026-01-29,23:00 - 23:15,46935.0
2026-01-29,23:15 - 23:30,46343.3
2026-01-29,23:30 - 23:45,45577.8
2026-01-29,23:45 - 24:00,44725.1
2026-01-30,00:00 - 00:15,43802.8
2026-01-30,00:15 - 00:30,43260.7
2026-01-30,00:30 - 00:45,42635.7
2026-01-30,00:45 - 01:00,42122.9
2026-01-30,01:00 - 01:15,41544.8
2026-01-30,01:15 - 01:30,41140.3
2026-01-30,01:30 - 01:45,40991.1
2026-01-30,01:45 - 02:00,40857.4
2026-01-30,02:00 - 02:15,40462.2
2026-01-30,02:15 - 02:30,40149.6
2026-01-30,02:30 - 02:45,39978.2
2026-01-30,02:45 - 03:00,39693.3
2026-01-30,03:00 - 03:15,39448.8
2026-01-30,03:15 - 03:30,39414.7
2026-01-30,03:30 - 03:45,39469.7
2026-01-30,03:45 - 04:00,39696.9
2026-01-30,04:00 - 04:15,39835.7
2026-01-30,04:15 - 04:30,40892.0
2026-01-30,04:30 - 04:45,41842.3
2026-01-30,04:45 - 05:00,43000.0
2026-01-30,05:00 - 05:15,44732.1
2026-01-30,05:15 - 05:30,46819.7
2026-01-30,05:30 - 05:45,48791.2
2026-01-30,05:45 - 06:00,51082.1
2026-01-30,06:00 - 06:15,53196.5
2026-01-30,06:15 - 06:30,55352.5
2026-01-30,06:30 - 06:45,56423.3
2026-01-30,06:45 - 07:00,57731.9
2026-01-30,07:00 - 07:15,57828.2
2026-01-30,07:15 - 07:30,59537.2
2026-01-30,07:30 - 07:45,60650.6
2026-01-30,07:45 - 08:00,61417.1
2026-01-30,08:00 - 08:15,61895.7
2026-01-30,08:15 - 08:30,62775.8
2026-01-30,08:30 - 08:45,63621.6
2026-01-30,08:45 - 09:00,64601.9
2026-01-30,09:00 - 09:15,65977.6
2026-01-30,09:15 - 09:30,67328.6
2026-01-30,09:30 - 09:45,67973.3
2026-01-30,09:45 - 10:00,67982.5
2026-01-30,10:00 - 10:15,67842.1
2026-01-30,10:15 - 10:30,67792.5
2026-01-30,10:30 - 10:45,67030.2
2026-01-30,10:45 - 11:00,66002.4
2026-01-30,11:00 - 11:15,64958.4
2026-01-30,11:15 - 11:30,64605.1
2026-01-30,11:30 - 11:45,64133.4
2026-01-30,11:45 - 12:00,63277.0
2026-01-30,12:00 - 12:15,61737.7
2026-01-30,12:15 - 12:30,61411.8
2026-01-30,12:30 - 12:45,60611.4
2026-01-30,12:45 - 13:00,59189.6
2026-01-30,13:00 - 13:15,56812.6
2026-01-30,13:15 - 13:30,55444.3
2026-01-30,13:30 - 13:45,55459.6
2026-01-30,13:45 - 14:00,55510.7
2026-01-30,14:00 - 14:15,55000.1
2026-01-30,14:15 - 14:30,54512.6
2026-01-30,14:30 - 14:45,53908.1
2026-01-30,14:45 - 15:00,53450.5
2026-01-30,15:00 - 15:15,52338.3
2026-01-30,15:15 - 15:30,52001.8
2026-01-30,15:30 - 15:45,52096.1
2026-01-30,15:45 - 16:00,52779.5
2026-01-30,16:00 - 16:15,52492.4
2026-01-30,16:15 - 16:30,53401.3
2026-01-30,16:30 - 16:45,53999.2
2026-01-30,16:45 - 17:00,54781.0
2026-01-30,17:00 - 17:15,55334.1
2026-01-30,17:15 - 17:30,56506.3
2026-01-30,17:30 - 17:45,58434.3
2026-01-30,17:45 - 18:00,59923.6
2026-01-30,18:00 - 18:15,60770.8
2026-01-30,18:15 - 18:30,61915.5
2026-01-30,18:30 - 18:45,62303.0
2026-01-30,18:45 - 19:00,62661.6
2026-01-30,19:00 - 19:15,62965.7
2026-01-30,19:15 - 19:30,62972.4
2026-01-30,19:30 - 19:45,61931.3
2026-01-30,19:45 - 20:00,60979.2
2026-01-30,20:00 - 20:15,59732.0
2026-01-30,20:15 - 20:30,58982.4
2026-01-30,20:30 - 20:45,57936.3
2026-01-30,20:45 - 21:00,56674.0
2026-01-30,21:00 - 21:15,55693.8
2026-01-30,21:15 - 21:30,54485.0
2026-01-30,21:30 - 21:45,53431.4
2026-01-30,21:45 - 22:00,52103.7
2026-01-30,22:00 - 22:15,51137.8
2026-01-30,22:15 - 22:30,50544.4
2026-01-30,22:30 - 22:45,49636.7
2026-01-30,22:45 - 23:00,48477.3
2026-01-30,23:00 - 23:15,47196.3
2026-01-30,23:15 - 23:30,46099.3
2026-01-30,23:30 - 23:45,45092.0
2026-01-30,23:45 - 24:00,44066.6
2026-01-31,00:00 - 00:15,43043.5
2026-01-31,00:15 - 00:30,42372.0
2026-01-31,00:30 - 00:45,41853.5
2026-01-31,00:45 - 01:00,41375.0
2026-01-31,01:00 - 01:15,40766.3
2026-01-31,01:15 - 01:30,40262.3
2026-01-31,01:30 - 01:45,39967.9
2026-01-31,01:45 - 02:00,39753.9
2026-01-31,02:00 - 02:15,39478.4
2026-01-31,02:15 - 02:30,39344.0
2026-01-31,02:30 - 02:45,39043.9
2026-01-31,02:45 - 03:00,38939.5
2026-01-31,03:00 - 03:15,38847.0
2026-01-31,03:15 - 03:30,38883.7
2026-01-31,03:30 - 03:45,38887.7
2026-01-31,03:45 - 04:00,38905.2
2026-01-31,04:00 - 04:15,38886.7
2026-01-31,04:15 - 04:30,39677.9
2026-01-31,04:30 - 04:45,40424.7
2026-01-31,04:45 - 05:00,41155.9
2026-01-31,05:00 - 05:15,42436.2
2026-01-31,05:15 - 05:30,44645.3
2026-01-31,05:30 - 05:45,48037.8
2026-01-31,05:45 - 06:00,50044.3
2026-01-31,06:00 - 06:15,51731.8
2026-01-31,06:15 - 06:30,53939.2
2026-01-31,06:30 - 06:45,54854.4
2026-01-31,06:45 - 07:00,56122.3
2026-01-31,07:00 - 07:15,56533.0
2026-01-31,07:15 - 07:30,58177.0
2026-01-31,07:30 - 07:45,59324.8
2026-01-31,07:45 - 08:00,60404.9
2026-01-31,08:00 - 08:15,60688.9
2026-01-31,08:15 - 08:30,61568.4
2026-01-31,08:30 - 08:45,62305.0
2026-01-31,08:45 - 09:00,62957.5
2026-01-31,09:00 - 09:15,64510.2
2026-01-31,09:15 - 09:30,66123.7
2026-01-31,09:30 - 09:45,66916.5
2026-01-31,09:45 - 10:00,67407.6
2026-01-31,10:00 - 10:15,67421.5
2026-01-31,10:15 - 10:30,67048.9
2026-01-31,10:30 - 10:45,66087.7
2026-01-31,10:45 - 11:00,65161.4
2026-01-31,11:00 - 11:15,63962.3
2026-01-31,11:15 - 11:30,62936.5
2026-01-31,11:30 - 11:45,62256.6
2026-01-31,11:45 - 12:00,61293.0
2026-01-31,12:00 - 12:15,59656.9
2026-01-31,12:15 - 12:30,58689.3
2026-01-31,12:30 - 12:45,57961.3
2026-01-31,12:45 - 13:00,57406.0
2026-01-31,13:00 - 13:15,55161.6
2026-01-31,13:15 - 13:30,53828.9
2026-01-31,13:30 - 13:45,54207.1
2026-01-31,13:45 - 14:00,54358.8
2026-01-31,14:00 - 14:15,54114.5
2026-01-31,14:15 - 14:30,54410.8
2026-01-31,14:30 - 14:45,53977.9
2026-01-31,14:45 - 15:00,53386.7
2026-01-31,15:00 - 15:15,52317.2
2026-01-31,15:15 - 15:30,51677.2
2026-01-31,15:30 - 15:45,51726.7
2026-01-31,15:45 - 16:00,52270.9
2026-01-31,16:00 - 16:15,52105.1
2026-01-31,16:15 - 16:30,52850.0
2026-01-31,16:30 - 16:45,53417.6
2026-01-31,16:45 - 17:00,54844.1
2026-01-31,17:00 - 17:15,55500.7
2026-01-31,17:15 - 17:30,56267.5
2026-01-31,17:30 - 17:45,57773.7
2026-01-31,17:45 - 18:00,59204.6
2026-01-31,18:00 - 18:15,60105.5
2026-01-31,18:15 - 18:30,61168.0
2026-01-31,18:30 - 18:45,61335.5
2026-01-31,18:45 - 19:00,61663.5
2026-01-31,19:00 - 19:15,61415.7
2026-01-31,19:15 - 19:30,61042.6
2026-01-31,19:30 - 19:45,61423.0
2026-01-31,19:45 - 20:00,61198.0
2026-01-31,20:00 - 20:15,60030.5
2026-01-31,20:15 - 20:30,59159.7
2026-01-31,20:30 - 20:45,58190.7
2026-01-31,20:45 - 21:00,57121.4
2026-01-31,21:00 - 21:15,56010.2
2026-01-31,21:15 - 21:30,54820.4
2026-01-31,21:30 - 21:45,53688.2
2026-01-31,21:45 - 22:00,52295.0
2026-01-31,22:00 - 22:15,51064.3
2026-01-31,22:15 - 22:30,50514.7
2026-01-31,22:30 - 22:45,49518.6
2026-01-31,22:45 - 23:00,48383.2
2026-01-31,23:00 - 23:15,47163.7
2026-01-31,23:15 - 23:30,46028.0
2026-01-31,23:30 - 23:45,44940.0
2026-01-31,23:45 - 24:00,43791.6
2026-03-01,00:00 - 00:15,44507.9
2026-03-01,00:15 - 00:30,44008.3
2026-03-01,00:30 - 00:45,43501.6
2026-03-01,00:45 - 01:00,43051.2
2026-03-01,01:00 - 01:15,42502.3
2026-03-01,01:15 - 01:30,42174.5
2026-03-01,01:30 - 01:45,41870.0
2026-03-01,01:45 - 02:00,41605.9
2026-03-01,02:00 - 02:15,41402.1
2026-03-01,02:15 - 02:30,41224.9
2026-03-01,02:30 - 02:45,40959.2
2026-03-01,02:45 - 03:00,40836.4
2026-03-01,03:00 - 03:15,40854.1
2026-03-01,03:15 - 03:30,40974.8
2026-03-01,03:30 - 03:45,41171.3
2026-03-01,03:45 - 04:00,41567.0
2026-03-01,04:00 - 04:15,41884.4
2026-03-01,04:15 - 04:30,43248.4
2026-03-01,04:30 - 04:45,44166.4
2026-03-01,04:45 - 05:00,44965.0
2026-03-01,05:00 - 05:15,45994.5
2026-03-01,05:15 - 05:30,47180.1
2026-03-01,05:30 - 05:45,48362.2
2026-03-01,05:45 - 06:00,49628.8
2026-03-01,06:00 - 06:15,50492.6
2026-03-01,06:15 - 06:30,50425.8
2026-03-01,06:30 - 06:45,51122.5
2026-03-01,06:45 - 07:00,51767.3
2026-03-01,07:00 - 07:15,51745.4
2026-03-01,07:15 - 07:30,52410.2
2026-03-01,07:30 - 07:45,52986.2
2026-03-01,07:45 - 08:00,54105.5
2026-03-01,08:00 - 08:15,54578.0
2026-03-01,08:15 - 08:30,54929.0
2026-03-01,08:30 - 08:45,55684.5
2026-03-01,08:45 - 09:00,55881.5
2026-03-01,09:00 - 09:15,56371.8
2026-03-01,09:15 - 09:30,57400.9
2026-03-01,09:30 - 09:45,58827.5
2026-03-01,09:45 - 10:00,59710.9
2026-03-01,10:00 - 10:15,59826.3
2026-03-01,10:15 - 10:30,60064.5
2026-03-01,10:30 - 10:45,60430.9
2026-03-01,10:45 - 11:00,60600.3
2026-03-01,11:00 - 11:15,60172.2
2026-03-01,11:15 - 11:30,60039.1
2026-03-01,11:30 - 11:45,59506.3
2026-03-01,11:45 - 12:00,58553.5
2026-03-01,12:00 - 12:15,57642.2
2026-03-01,12:15 - 12:30,56816.6
2026-03-01,12:30 - 12:45,56235.3
2026-03-01,12:45 - 13:00,55425.0
2026-03-01,13:00 - 13:15,53809.1
2026-03-01,13:15 - 13:30,53061.5
2026-03-01,13:30 - 13:45,52862.1
2026-03-01,13:45 - 14:00,52562.7
2026-03-01,14:00 - 14:15,51741.8
2026-03-01,14:15 - 14:30,51365.8
2026-03-01,14:30 - 14:45,51043.8
2026-03-01,14:45 - 15:00,50787.8
2026-03-01,15:00 - 15:15,49929.1
2026-03-01,15:15 - 15:30,49826.2
2026-03-01,15:30 - 15:45,49416.7
2026-03-01,15:45 - 16:00,49252.8
2026-03-01,16:00 - 16:15,48498.3
2026-03-01,16:15 - 16:30,48863.8
2026-03-01,16:30 - 16:45,48824.9
2026-03-01,16:45 - 17:00,49341.2
2026-03-01,17:00 - 17:15,49306.7
2026-03-01,17:15 - 17:30,49713.3
2026-03-01,17:30 - 17:45,50528.4
2026-03-01,17:45 - 18:00,51279.4
2026-03-01,18:00 - 18:15,51993.7
2026-03-01,18:15 - 18:30,53139.2
2026-03-01,18:30 - 18:45,54545.4
2026-03-01,18:45 - 19:00,55310.1
2026-03-01,19:00 - 19:15,54638.4
2026-03-01,19:15 - 19:30,54440.8
2026-03-01,19:30 - 19:45,54449.0
2026-03-01,19:45 - 20:00,53812.8
2026-03-01,20:00 - 20:15,52371.1
2026-03-01,20:15 - 20:30,51346.8
2026-03-01,20:30 - 20:45,50719.2
2026-03-01,20:45 - 21:00,50300.3
2026-03-01,21:00 - 21:15,50175.1
2026-03-01,21:15 - 21:30,49616.5
2026-03-01,21:30 - 21:45,49072.5
2026-03-01,21:45 - 22:00,48178.7
2026-03-01,22:00 - 22:15,47419.4
2026-03-01,22:15 - 22:30,47106.8
2026-03-01,22:30 - 22:45,46570.3
2026-03-01,22:45 - 23:00,45739.8
2026-03-01,23:00 - 23:15,44720.1
2026-03-01,23:15 - 23:30,44020.6
2026-03-01,23:30 - 23:45,43357.8
2026-03-01,23:45 - 24:00,42847.8
2026-03-02,00:00 - 00:15,42392.8
2026-03-02,00:15 - 00:30,41881.4
2026-03-02,00:30 - 00:45,41402.0
2026-03-02,00:45 - 01:00,41054.9
2026-03-02,01:00 - 01:15,40704.2
2026-03-02,01:15 - 01:30,40436.9
2026-03-02,01:30 - 01:45,40174.9
2026-03-02,01:45 - 02:00,39893.7
2026-03-02,02:00 - 02:15,39713.7
2026-03-02,02:15 - 02:30,39503.5
2026-03-02,02:30 - 02:45,39341.0
2026-03-02,02:45 - 03:00,39237.6
2026-03-02,03:00 - 03:15,39170.9
2026-03-02,03:15 - 03:30,39269.8
2026-03-02,03:30 - 03:45,39444.4
2026-03-02,03:45 - 04:00,39822.5
2026-03-02,04:00 - 04:15,40420.8
2026-03-02,04:15 - 04:30,41849.6
2026-03-02,04:30 - 04:45,43007.7
2026-03-02,04:45 - 05:00,43905.5
2026-03-02,05:00 - 05:15,45274.9
2026-03-02,05:15 - 05:30,46950.9
2026-03-02,05:30 - 05:45,48272.2
2026-03-02,05:45 - 06:00,49836.0
2026-03-02,06:00 - 06:15,50588.2
2026-03-02,06:15 - 06:30,52030.9
2026-03-02,06:30 - 06:45,52615.3
2026-03-02,06:45 - 07:00,53306.4
2026-03-02,07:00 - 07:15,53298.3
2026-03-02,07:15 - 07:30,54054.5
2026-03-02,07:30 - 07:45,54516.1
2026-03-02,07:45 - 08:00,54490.6
2026-03-02,08:00 - 08:15,54698.8
2026-03-02,08:15 - 08:30,55758.6
2026-03-02,08:30 - 08:45,57077.9
2026-03-02,08:45 - 09:00,58611.4
2026-03-02,09:00 - 09:15,59696.7
2026-03-02,09:15 - 09:30,60963.4
2026-03-02,09:30 - 09:45,61744.2
2026-03-02,09:45 - 10:00,61647.9
2026-03-02,10:00 - 10:15,61541.2
2026-03-02,10:15 - 10:30,62181.7
2026-03-02,10:30 - 10:45,62330.3
2026-03-02,10:45 - 11:00,61925.8
2026-03-02,11:00 - 11:15,61407.2
2026-03-02,11:15 - 11:30,61050.5
2026-03-02,11:30 - 11:45,60196.4
2026-03-02,11:45 - 12:00,58916.5
2026-03-02,12:00 - 12:15,57973.6
2026-03-02,12:15 - 12:30,57731.9
2026-03-02,12:30 - 12:45,56974.5
2026-03-02,12:45 - 13:00,56108.4
2026-03-02,13:00 - 13:15,54152.4
2026-03-02,13:15 - 13:30,53167.2
2026-03-02,13:30 - 13:45,52990.0
2026-03-02,13:45 - 14:00,52824.0
2026-03-02,14:00 - 14:15,52132.8
2026-03-02,14:15 - 14:30,51984.2
2026-03-02,14:30 - 14:45,51910.9
2026-03-02,14:45 - 15:00,51256.9
2026-03-02,15:00 - 15:15,50768.1
2026-03-02,15:15 - 15:30,50710.3
2026-03-02,15:30 - 15:45,50412.6
2026-03-02,15:45 - 16:00,50258.8
2026-03-02,16:00 - 16:15,49791.9
2026-03-02,16:15 - 16:30,50014.5
2026-03-02,16:30 - 16:45,50163.4
2026-03-02,16:45 - 17:00,51164.3
2026-03-02,17:00 - 17:15,51964.8
2026-03-02,17:15 - 17:30,52645.1
2026-03-02,17:30 - 17:45,53221.4
2026-03-02,17:45 - 18:00,53823.1
2026-03-02,18:00 - 18:15,54616.8
2026-03-02,18:15 - 18:30,55672.9
2026-03-02,18:30 - 18:45,56817.9
2026-03-02,18:45 - 19:00,57134.2
2026-03-02,19:00 - 19:15,55965.7
2026-03-02,19:15 - 19:30,56396.3
2026-03-02,19:30 - 19:45,56430.7
2026-03-02,19:45 - 20:00,55472.5
2026-03-02,20:00 - 20:15,53936.8
2026-03-02,20:15 - 20:30,52988.8
2026-03-02,20:30 - 20:45,52082.5
2026-03-02,20:45 - 21:00,51283.1
2026-03-02,21:00 - 21:15,50491.2
2026-03-02,21:15 - 21:30,49877.1
2026-03-02,21:30 - 21:45,49407.6
2026-03-02,21:45 - 22:00,48599.3
2026-03-02,22:00 - 22:15,47857.0
2026-03-02,22:15 - 22:30,47524.0
2026-03-02,22:30 - 22:45,46863.5
2026-03-02,22:45 - 23:00,46179.3
2026-03-02,23:00 - 23:15,45448.8
2026-03-02,23:15 - 23:30,44692.2
2026-03-02,23:30 - 23:45,43924.3
2026-03-02,23:45 - 24:00,43394.0
2026-03-03,00:00 - 00:15,42906.9
2026-03-03,00:15 - 00:30,42372.7
2026-03-03,00:30 - 00:45,42032.4
2026-03-03,00:45 - 01:00,41545.2
2026-03-03,01:00 - 01:15,41205.0
2026-03-03,01:15 - 01:30,40865.0
2026-03-03,01:30 - 01:45,40452.9
2026-03-03,01:45 - 02:00,40235.8
2026-03-03,02:00 - 02:15,40172.9
2026-03-03,02:15 - 02:30,40010.3
2026-03-03,02:30 - 02:45,39807.9
2026-03-03,02:45 - 03:00,39768.7
2026-03-03,03:00 - 03:15,39600.3
2026-03-03,03:15 - 03:30,39697.2
2026-03-03,03:30 - 03:45,39873.1
2026-03-03,03:45 - 04:00,40306.6
2026-03-03,04:00 - 04:15,40810.7
2026-03-03,04:15 - 04:30,42184.9
2026-03-03,04:30 - 04:45,43293.5
2026-03-03,04:45 - 05:00,44075.0
2026-03-03,05:00 - 05:15,45239.3
2026-03-03,05:15 - 05:30,46726.2
2026-03-03,05:30 - 05:45,47870.4
2026-03-03,05:45 - 06:00,48806.4
2026-03-03,06:00 - 06:15,49505.0
2026-03-03,06:15 - 06:30,50405.7
2026-03-03,06:30 - 06:45,50934.1
2026-03-03,06:45 - 07:00,51044.1
2026-03-03,07:00 - 07:15,51033.7
2026-03-03,07:15 - 07:30,51816.9
2026-03-03,07:30 - 07:45,52168.1
2026-03-03,07:45 - 08:00,52298.3
2026-03-03,08:00 - 08:15,52682.7
2026-03-03,08:15 - 08:30,53597.7
2026-03-03,08:30 - 08:45,54679.2
2026-03-03,08:45 - 09:00,55523.3
2026-03-03,09:00 - 09:15,57209.8
2026-03-03,09:15 - 09:30,58272.6
2026-03-03,09:30 - 09:45,58712.3
2026-03-03,09:45 - 10:00,58510.9
2026-03-03,10:00 - 10:15,57444.0
2026-03-03,10:15 - 10:30,57377.8
2026-03-03,10:30 - 10:45,57117.7
2026-03-03,10:45 - 11:00,56723.9
2026-03-03,11:00 - 11:15,56207.2
2026-03-03,11:15 - 11:30,56050.8
2026-03-03,11:30 - 11:45,55551.2
2026-03-03,11:45 - 12:00,54939.5
2026-03-03,12:00 - 12:15,54081.7
2026-03-03,12:15 - 12:30,53735.0
2026-03-03,12:30 - 12:45,53578.2
2026-03-03,12:45 - 13:00,53033.3
2026-03-03,13:00 - 13:15,51609.5
2026-03-03,13:15 - 13:30,50989.3
2026-03-03,13:30 - 13:45,51109.7
2026-03-03,13:45 - 14:00,50999.9
2026-03-03,14:00 - 14:15,50496.9
2026-03-03,14:15 - 14:30,50134.9
2026-03-03,14:30 - 14:45,49590.0
2026-03-03,14:45 - 15:00,48961.7
2026-03-03,15:00 - 15:15,48233.3
2026-03-03,15:15 - 15:30,47968.0
2026-03-03,15:30 - 15:45,47272.7
2026-03-03,15:45 - 16:00,47037.7
2026-03-03,16:00 - 16:15,46295.1
2026-03-03,16:15 - 16:30,46053.7
2026-03-03,16:30 - 16:45,45646.7
2026-03-03,16:45 - 17:00,46240.8
2026-03-03,17:00 - 17:15,47062.5
2026-03-03,17:15 - 17:30,47580.1
2026-03-03,17:30 - 17:45,48439.4
2026-03-03,17:45 - 18:00,49181.7
2026-03-03,18:00 - 18:15,49892.9
2026-03-03,18:15 - 18:30,50971.9
2026-03-03,18:30 - 18:45,52777.4
2026-03-03,18:45 - 19:00,53555.2
2026-03-03,19:00 - 19:15,54356.6
2026-03-03,19:15 - 19:30,54719.7
2026-03-03,19:30 - 19:45,54283.0
2026-03-03,19:45 - 20:00,53157.2
2026-03-03,20:00 - 20:15,51749.7
2026-03-03,20:15 - 20:30,50599.0
2026-03-03,20:30 - 20:45,49803.8
2026-03-03,20:45 - 21:00,48754.2
2026-03-03,21:00 - 21:15,48030.0
2026-03-03,21:15 - 21:30,47355.4
2026-03-03,21:30 - 21:45,46750.8
2026-03-03,21:45 - 22:00,45943.1
2026-03-03,22:00 - 22:15,45320.4
2026-03-03,22:15 - 22:30,44960.9
2026-03-03,22:30 - 22:45,44351.2
2026-03-03,22:45 - 23:00,43610.1
2026-03-03,23:00 - 23:15,42797.4
2026-03-03,23:15 - 23:30,42138.5
2026-03-03,23:30 - 23:45,41535.7
2026-03-03,23:45 - 24:00,40972.0
2026-03-04,00:00 - 00:15,40483.3
2026-03-04,00:15 - 00:30,40075.8
2026-03-04,00:30 - 00:45,39784.0
2026-03-04,00:45 - 01:00,39389.4
2026-03-04,01:00 - 01:15,39011.5
2026-03-04,01:15 - 01:30,38712.9
2026-03-04,01:30 - 01:45,38465.7
2026-03-04,01:45 - 02:00,38194.4
2026-03-04,02:00 - 02:15,37974.0
2026-03-04,02:15 - 02:30,37735.0
2026-03-04,02:30 - 02:45,37536.2
2026-03-04,02:45 - 03:00,37423.0
2026-03-04,03:00 - 03:15,37310.7
2026-03-04,03:15 - 03:30,37384.7
2026-03-04,03:30 - 03:45,37443.3
2026-03-04,03:45 - 04:00,37842.6
2026-03-04,04:00 - 04:15,38279.0
2026-03-04,04:15 - 04:30,39479.6
2026-03-04,04:30 - 04:45,40180.1
2026-03-04,04:45 - 05:00,40758.2
2026-03-04,05:00 - 05:15,41712.0
2026-03-04,05:15 - 05:30,42723.4
2026-03-04,05:30 - 05:45,43671.2
2026-03-04,05:45 - 06:00,44562.2
2026-03-04,06:00 - 06:15,45602.8
2026-03-04,06:15 - 06:30,46916.3
2026-03-04,06:30 - 06:45,47507.2
2026-03-04,06:45 - 07:00,48214.0
2026-03-04,07:00 - 07:15,48481.6
2026-03-04,07:15 - 07:30,48712.7
2026-03-04,07:30 - 07:45,48982.3
2026-03-04,07:45 - 08:00,48937.9
2026-03-04,08:00 - 08:15,49156.4
2026-03-04,08:15 - 08:30,49724.7
2026-03-04,08:30 - 08:45,50267.3
2026-03-04,08:45 - 09:00,50153.7
2026-03-04,09:00 - 09:15,50378.5
2026-03-04,09:15 - 09:30,50577.7
2026-03-04,09:30 - 09:45,50851.2
2026-03-04,09:45 - 10:00,50687.3
2026-03-04,10:00 - 10:15,50140.5
2026-03-04,10:15 - 10:30,50113.2
2026-03-04,10:30 - 10:45,49860.9
2026-03-04,10:45 - 11:00,49584.5
2026-03-04,11:00 - 11:15,49366.7
2026-03-04,11:15 - 11:30,49327.3
2026-03-04,11:30 - 11:45,49240.1
2026-03-04,11:45 - 12:00,48921.7
2026-03-04,12:00 - 12:15,48709.6
2026-03-04,12:15 - 12:30,48699.7
2026-03-04,12:30 - 12:45,48519.6
2026-03-04,12:45 - 13:00,48349.8
2026-03-04,13:00 - 13:15,47935.8
2026-03-04,13:15 - 13:30,47760.8
2026-03-04,13:30 - 13:45,47441.2
2026-03-04,13:45 - 14:00,46683.9
2026-03-04,14:00 - 14:15,45771.5
2026-03-04,14:15 - 14:30,45097.3
2026-03-04,14:30 - 14:45,44340.5
2026-03-04,14:45 - 15:00,43984.9
2026-03-04,15:00 - 15:15,43326.0
2026-03-04,15:15 - 15:30,43145.5
2026-03-04,15:30 - 15:45,42857.0
2026-03-04,15:45 - 16:00,42888.1
2026-03-04,16:00 - 16:15,41890.0
2026-03-04,16:15 - 16:30,42028.0
2026-03-04,16:30 - 16:45,41609.8
2026-03-04,16:45 - 17:00,41228.8
2026-03-04,17:00 - 17:15,40789.1
2026-03-04,17:15 - 17:30,40807.3
2026-03-04,17:30 - 17:45,41088.6
2026-03-04,17:45 - 18:00,41380.5
2026-03-04,18:00 - 18:15,41503.8
2026-03-04,18:15 - 18:30,42052.9
2026-03-04,18:30 - 18:45,43097.1
2026-03-04,18:45 - 19:00,44417.3
2026-03-04,19:00 - 19:15,44787.9
2026-03-04,19:15 - 19:30,44539.3
2026-03-04,19:30 - 19:45,44034.9
2026-03-04,19:45 - 20:00,43466.4
2026-03-04,20:00 - 20:15,43118.6
2026-03-04,20:15 - 20:30,42623.4
2026-03-04,20:30 - 20:45,42127.8
2026-03-04,20:45 - 21:00,41540.1
2026-03-04,21:00 - 21:15,41165.9
2026-03-04,21:15 - 21:30,40592.6
2026-03-04,21:30 - 21:45,39996.2
2026-03-04,21:45 - 22:00,39289.3
2026-03-04,22:00 - 22:15,38827.9
2026-03-04,22:15 - 22:30,38695.5
2026-03-04,22:30 - 22:45,38079.9
2026-03-04,22:45 - 23:00,37456.0
2026-03-04,23:00 - 23:15,36678.0
2026-03-04,23:15 - 23:30,36135.5
2026-03-04,23:30 - 23:45,35678.5
2026-03-04,23:45 - 24:00,35193.2
2026-03-05,00:00 - 00:15,34882.3
2026-03-05,00:15 - 00:30,34517.6
2026-03-05,00:30 - 00:45,34213.8
2026-03-05,00:45 - 01:00,33902.8
2026-03-05,01:00 - 01:15,33607.2
2026-03-05,01:15 - 01:30,33353.9
2026-03-05,01:30 - 01:45,33234.9
2026-03-05,01:45 - 02:00,33209.1
2026-03-05,02:00 - 02:15,33088.3
2026-03-05,02:15 - 02:30,32941.5
2026-03-05,02:30 - 02:45,32806.4
2026-03-05,02:45 - 03:00,32787.9
2026-03-05,03:00 - 03:15,32849.2
2026-03-05,03:15 - 03:30,32956.4
2026-03-05,03:30 - 03:45,33149.9
2026-03-05,03:45 - 04:00,33576.1
2026-03-05,04:00 - 04:15,34117.3
2026-03-05,04:15 - 04:30,35305.9
2026-03-05,04:30 - 04:45,36096.6
2026-03-05,04:45 - 05:00,36802.8
2026-03-05,05:00 - 05:15,37857.3
2026-03-05,05:15 - 05:30,39160.0
2026-03-05,05:30 - 05:45,40379.0
2026-03-05,05:45 - 06:00,41748.5
2026-03-05,06:00 - 06:15,42603.8
2026-03-05,06:15 - 06:30,44132.2
2026-03-05,06:30 - 06:45,45027.5
2026-03-05,06:45 - 07:00,45100.3
2026-03-05,07:00 - 07:15,45127.8
2026-03-05,07:15 - 07:30,45530.6
2026-03-05,07:30 - 07:45,46412.6
2026-03-05,07:45 - 08:00,46846.1
2026-03-05,08:00 - 08:15,47739.7
2026-03-05,08:15 - 08:30,48625.5
2026-03-05,08:30 - 08:45,49472.9
2026-03-05,08:45 - 09:00,50412.8
2026-03-05,09:00 - 09:15,52477.9
2026-03-05,09:15 - 09:30,53563.4
2026-03-05,09:30 - 09:45,54448.7
2026-03-05,09:45 - 10:00,55125.6
2026-03-05,10:00 - 10:15,55004.3
2026-03-05,10:15 - 10:30,55707.3
2026-03-05,10:30 - 10:45,56102.3
2026-03-05,10:45 - 11:00,55873.3
2026-03-05,11:00 - 11:15,55517.5
2026-03-05,11:15 - 11:30,54790.7
2026-03-05,11:30 - 11:45,54211.4
2026-03-05,11:45 - 12:00,53812.2
2026-03-05,12:00 - 12:15,53440.6
2026-03-05,12:15 - 12:30,53173.8
2026-03-05,12:30 - 12:45,52145.6
2026-03-05,12:45 - 13:00,51403.8
2026-03-05,13:00 - 13:15,50572.0
2026-03-05,13:15 - 13:30,49887.5
2026-03-05,13:30 - 13:45,49283.0
2026-03-05,13:45 - 14:00,49048.3
2026-03-05,14:00 - 14:15,48491.3
2026-03-05,14:15 - 14:30,48425.6
2026-03-05,14:30 - 14:45,48298.5
2026-03-05,14:45 - 15:00,48290.2
2026-03-05,15:00 - 15:15,47393.6
2026-03-05,15:15 - 15:30,47160.0
2026-03-05,15:30 - 15:45,46891.8
2026-03-05,15:45 - 16:00,47285.5
2026-03-05,16:00 - 16:15,46363.2
2026-03-05,16:15 - 16:30,46363.9
2026-03-05,16:30 - 16:45,46412.4
2026-03-05,16:45 - 17:00,46428.0
2026-03-05,17:00 - 17:15,47212.7
2026-03-05,17:15 - 17:30,48360.7
2026-03-05,17:30 - 17:45,49719.7
2026-03-05,17:45 - 18:00,49927.0
2026-03-05,18:00 - 18:15,50966.0
2026-03-05,18:15 - 18:30,51358.7
2026-03-05,18:30 - 18:45,52867.6
2026-03-05,18:45 - 19:00,54083.5
2026-03-05,19:00 - 19:15,53585.9
2026-03-05,19:15 - 19:30,53924.9
2026-03-05,19:30 - 19:45,54664.5
2026-03-05,19:45 - 20:00,54004.5
2026-03-05,20:00 - 20:15,53103.1
2026-03-05,20:15 - 20:30,52455.9
2026-03-05,20:30 - 20:45,51845.8
2026-03-05,20:45 - 21:00,51063.3
2026-03-05,21:00 - 21:15,50335.8
2026-03-05,21:15 - 21:30,49736.9
2026-03-05,21:30 - 21:45,49263.6
2026-03-05,21:45 - 22:00,48439.6
2026-03-05,22:00 - 22:15,47691.7
2026-03-05,22:15 - 22:30,47409.0
2026-03-05,22:30 - 22:45,47053.9
2026-03-05,22:45 - 23:00,46359.8
2026-03-05,23:00 - 23:15,45723.2
2026-03-05,23:15 - 23:30,45213.9
2026-03-05,23:30 - 23:45,44707.8
2026-03-05,23:45 - 24:00,44006.3
